mp_id,party,sex,age,highedu,phd,Terms,business,law,leadingpos,Committees,job,money,beauty,competence,likability,trustworthy,intelligence
1,FDP,0,30,1,0,1,0,0,0,2,2,0,2.625,2.590909,2.833333,3,2.571429
2,CDUCSU,0,55,1,0,5,0,0,1,4,3,0,4.217391,3.181818,4.043478,3.863636,3
3,FDP,0,55,0,1,2,0,0,0,2,0,0,2.913043,2.454545,2.869565,2.727272,2.5238099
4,FDP,0,42,1,0,1,0,1,0,2,7,0,3.869565,2.727272,2.695652,2.409091,2.428571
5,CDUCSU,1,41,0,0,3,0,0,0,0,6,0,2.727272,2.894737,2.681818,2.7,2.8499999
6,SPD,1,52,0,1,2,0,0,0,2,5,0,3.521739,3.0476191,3.304348,3.0476191,2.761905
7,CDUCSU,0,49,1,0,1,0,1,0,1,5,1000,3.7142861,3.3499999,2.4761901,2.904762,3.095238
8,CDUCSU,0,47,1,0,4,0,1,1,0,4,7000,4.1999998,3,3.6500001,3.75,2.75
9,SPD,0,43,1,0,1,0,0,0,4,0,0,3.8499999,3,3,3.4000001,3
10,GREEN,1,37,1,0,2,1,0,0,1,3,0,2,2.571429,2.428571,2.8571429,2.571429
11,SPD,0,54,0,0,6,0,0,1,1,7,7000,3.75,2.7,3.3499999,3.1500001,2.45
12,SPD,0,32,0,0,1,0,0,0,1,2,0,2.5789471,2.5,3.105263,3.210526,2.789474
13,SPD,1,44,1,0,3,1,0,1,2,0,0,2.833333,3.083333,2.666666,2.833333,3.083333
14,SPD,0,55,1,0,3,0,0,0,1,0,0,3.3684211,2.6111109,2.5789471,3.0526321,2.6315789
15,LINKE,0,43,0,0,1,0,0,0,1,0,0,4.0526319,3.277777,3.105263,3.210526,2.789474
16,FDP,0,29,1,0,2,1,0,0,1,1,0,2.166666,3.166666,3.166666,3.833333,3
17,SPD,0,60,1,0,4,0,0,0,2,0,0,3.789474,2.5,3.7368419,3.2631581,2.3684211
18,CDUCSU,1,27,1,0,2,0,0,0,3,2,0,2.105263,2.7222221,2.315789,2.5789471,2.684211
19,CDUCSU,0,30,1,0,1,1,0,0,2,2,0,2.5,3.4117651,3.4444439,3.7222221,3.333333
20,SPD,1,52,1,0,4,0,1,0,6,4,0,3,2.470588,2.9444439,2.666666,2.666666
21,SPD,0,44,0,1,3,0,0,0,1,0,0,3.166666,2.7647059,3,2.833333,2.5
22,FDP,0,41,1,0,1,0,0,1,1,0,0,3.5,3.1176469,3.4444439,3.3888879,3.277777
23,SPD,0,50,1,0,4,0,0,0,2,4,0,3.5,3.416666,3.75,3.666666,3.5
24,CDUCSU,0,53,1,0,3,0,0,0,2,5,0,2.7222221,2.529412,2.2222221,2.6111109,2.666666
25,SPD,0,31,1,0,2,0,0,1,1,2,0,3.277777,2.823529,3.0555551,3.0555551,2.666666
26,LINKE,0,47,0,1,2,1,0,0,1,1,1000,3.7222221,2.647059,3.4444439,3.1111109,2.777777
27,SPD,1,30,1,0,2,0,0,0,0,3,1000,2.428571,2.571429,2.1428571,2.2857139,2.2857139
28,CDUCSU,0,66,0,1,6,0,0,0,3,11,0,3.75,3.166666,4.083333,3.833333,3.166666
29,CDUCSU,0,58,1,0,3,0,0,0,2,7,0,4.1764712,3,4,3.647059,2.9411759
30,GREEN,1,53,1,0,6,0,0,0,2,2,0,2.7058821,2.8125,2.352941,2.647059,2.7647059
31,GREEN,0,45,0,0,4,0,0,0,3,10,0,3.375,2.7333331,2.75,2.8125,2.5
32,CDUCSU,0,60,1,0,2,0,0,0,1,1,0,3.166666,2.666666,2.666666,3.083333,2.916666
33,SPD,0,39,1,0,1,0,0,0,1,2,0,3.5333331,3.5999999,3.5999999,3.8666661,3.333333
34,SPD,0,56,1,0,2,0,0,1,2,4,72.916664,3.75,3.333333,3.333333,3.333333,3.416666
35,GREEN,1,54,1,0,2,0,0,0,3,1,0,3.333333,2.916666,3.083333,2.833333,2.916666
36,CDUCSU,1,45,1,0,2,1,0,0,1,0,0,2.2,3.2,3,3.133333,3.2
37,GREEN,1,49,1,0,2,0,1,0,1,1,0,4,3.583333,3.75,3.166666,3.416666
38,SPD,0,58,1,0,2,0,1,0,4,6,496.54166,3.9333329,3.333333,3.7333331,3.5333331,3.4000001
39,SPD,0,46,0,1,3,0,1,0,1,11,0,2.333333,2.5333331,2.4000001,2.5999999,2.466666
40,SPD,1,52,1,0,2,0,0,1,2,4,0,3.846154,3.5384619,3.6923079,3.2307689,3.2307689
41,CDUCSU,0,57,0,1,2,0,0,1,0,3,7000,4.1428752,3.1428571,3.6428571,3.6428571,3
42,CDUCSU,0,63,1,0,3,0,0,1,1,10,2937.5,3.5,3.416666,3.916666,4,3.25
43,GREEN,1,30,1,0,3,0,0,0,1,3,0,3.3846149,3.153846,2.9230771,2.6923079,3
44,SPD,1,45,1,0,3,0,0,1,1,6,0,2.416666,2.583333,2.166666,2.5,2.75
45,LINKE,1,48,0,0,1,0,0,0,1,1,0,3.153846,2.9230771,3.4615381,3,2.9230771
46,SPD,0,55,1,0,3,0,0,0,1,1,0,3.428571,2.7142861,3,3.1428571,2.2857139
47,CDUCSU,0,43,1,0,2,0,0,0,1,1,0,3.5384619,3.2307689,3.4615381,3.2307689,3.153846
48,LINKE,0,64,0,1,1,0,0,1,1,1,1000,3,2.846154,2.6153851,2.6153851,2.6923079
49,CDUCSU,0,44,0,0,2,0,0,0,2,6,4083.3333,3.166666,2.833333,2.833333,3.333333,3.166666
50,CDUCSU,1,64,0,0,5,0,0,0,2,0,0,3.6923079,3.153846,2.846154,2.6923079,3.0769229
51,CDUCSU,0,53,0,0,5,0,0,0,1,6,1000,3.6153851,3.3076921,3.6153851,3.7692311,3.3076921
52,LINKE,1,47,1,0,1,0,0,0,2,5,0,2.5,3,2.5,2.5,2.833333
53,CDUCSU,1,58,0,0,3,0,0,0,3,5,0,3.7692311,3.3076921,3.0769229,2.9230771,3.3846149
54,SPD,0,59,0,0,1,0,0,0,1,3,0,3.7692311,2.846154,2.7692311,2.7692311,2.6153851
55,SPD,0,50,0,0,3,0,0,1,2,7,1166.6666,4.083333,2.833333,3.833333,3.666666,2.5
56,CDUCSU,1,55,0,1,5,0,0,1,0,4,7000,2.75,3,2.166666,2.416666,3
57,SPD,0,57,1,0,1,0,0,0,2,3,1000,3.9230771,2.6923079,2.6923079,2.6923079,2.6923079
58,SPD,0,58,1,0,2,0,0,0,1,0,0,4.083333,3.416666,3.833333,3.75,3.333333
59,GREEN,0,30,0,0,2,0,0,1,3,2,0,3.0769229,3.6153851,3.0769229,3.5384619,3.2307689
60,CDUCSU,0,65,1,0,8,0,0,0,1,12,3500,3.6923079,2.9230771,3.0769229,3.0769229,2.6153851
61,CDUCSU,0,63,1,0,6,0,0,1,2,4,0,3.2307689,2.846154,3.2307689,3.2307689,2.6923079
62,CDUCSU,0,53,1,0,4,0,1,1,0,5,1583.3334,3.083333,2.75,3.25,3.333333,2.833333
63,SPD,0,50,0,1,2,0,0,0,2,1,0,4,3.7692311,3.846154,3.6153851,3.6153851
64,CDUCSU,0,48,0,0,5,0,0,0,2,5,0,3.4615381,2.9230771,3,3,3.2307689
65,CDUCSU,0,32,1,0,1,0,0,0,2,1,0,4.1538458,3.3076921,3.6923079,3.5384619,3.3076921
66,SPD,0,56,0,0,3,0,0,0,0,7,4083.3333,4.4615378,3.3846149,3.3076921,3.153846,3.153846
67,CDUCSU,0,55,1,0,2,0,1,0,2,2,0,3.846154,3.3846149,3.846154,3.7692311,3.6153851
68,SPD,0,54,1,0,3,1,0,0,1,8,0,3.3076921,3.3076921,3.153846,3,3.2307689
69,CDUCSU,0,38,0,1,3,0,0,0,1,9,145.83333,3.6153851,2.846154,3.2307689,3.3076921,2.9230771
70,SPD,0,53,0,0,3,0,0,0,2,5,0,3.153846,2.4615381,3.0769229,2.846154,2.6923079
71,FDP,0,60,1,0,3,0,0,1,1,6,0,3.90909,3.272727,3.545454,3.454545,3.272727
72,CDUCSU,1,54,0,0,2,1,0,0,2,7,0,4.166666,3.5,3.5,3.333333,3.333333
73,FDP,1,50,1,0,2,0,0,0,2,0,0,2.5384619,2.5384619,2.6923079,2.6153851,2.5384619
74,CDUCSU,0,57,1,0,5,0,0,1,2,2,583.33331,4.416666,3.333333,3.666666,3.833333,3.25
75,LINKE,1,49,0,0,3,0,0,1,2,0,0,3.8,3.5999999,3.2,3.2,3.2
76,SPD,1,54,1,0,6,0,0,1,1,2,1166.6666,2.8,2.8,3.5999999,3.2,2.8
77,SPD,0,34,0,0,2,0,0,0,1,3,0,2.8,2.8,2.5999999,3.2,2.5999999
78,LINKE,1,54,0,1,1,0,0,1,1,0,0,3.2,2.4000001,3,2.4000001,2.2
79,SPD,1,51,1,0,5,0,0,1,1,7,0,2.636363,2.818181,2.636363,2.818181,2.90909
80,FDP,0,56,1,0,3,0,0,0,5,4,0,3.8,3,3,2.8,3.2
81,SPD,0,41,0,0,1,0,0,0,1,2,1000,4,3.4000001,4,4,3.5999999
82,SPD,0,63,0,1,4,0,1,0,3,2,0,3.2,2.4000001,3.2,3.5999999,2.4000001
83,CDUCSU,0,54,1,0,3,0,0,0,1,3,0,3.5,2.833333,3.166666,3,2.833333
84,SPD,0,32,1,0,1,1,0,0,1,0,0,3.5999999,2.8,3.4000001,3.4000001,2.4000001
85,SPD,1,50,1,0,5,0,0,1,0,4,7000,3.818181,3.454545,3.272727,3,3.363636
86,LINKE,0,51,1,0,2,1,0,0,4,0,0,4,3.2,3.4000001,3.2,2.8
87,CDUCSU,1,41,1,0,2,0,1,1,2,9,0,2.5999999,3,2.5999999,2.8,3
88,LINKE,1,30,0,0,1,0,0,0,2,0,0,2.5999999,3.4000001,2.8,3.2,3.5999999
89,SPD,0,65,0,1,3,0,1,1,2,4,0,4.1999998,3.5,3.2,3.3,3.5
90,SPD,1,62,0,1,10,0,1,1,1,7,625,3.333333,3,3.1111109,3,2.666666
91,CDUCSU,0,55,1,0,3,1,0,1,3,6,5781.25,3.5999999,2.5999999,3.4000001,3.5999999,3
92,LINKE,0,55,0,1,2,0,0,1,1,5,0,3.8,3.5999999,4,3.8,3.5999999
93,CDUCSU,0,64,0,0,4,0,0,0,3,1,875,3.4000001,2.4000001,3.4000001,3.2,2.4000001
94,GREEN,1,34,1,0,3,0,0,1,2,4,0,2.8,3.2,3,2.8,3.2
95,SPD,0,64,1,0,6,0,0,1,0,3,7000,3.333333,3,2.833333,3,3
96,CDUCSU,0,35,1,0,2,0,0,0,1,4,0,3.5999999,3,3.4000001,3.2,3.2
97,CDUCSU,0,40,1,0,3,0,0,0,2,2,0,4.1999998,3.2,3,3.2,2.4000001
98,FDP,0,32,0,0,1,0,0,0,3,4,583.33331,3.8,3.5999999,3.2,3.2,3.5999999
99,SPD,0,43,1,0,2,0,1,0,2,1,0,2.8888879,3,3.333333,3.666666,3.1111109
100,CDUCSU,1,52,0,0,3,1,0,0,1,3,0,3.5,3.125,2.625,2.625,3.125
101,LINKE,0,58,0,0,1,0,0,0,1,4,4666.6665,4.4000001,3.5999999,4,3.5999999,3.5999999
102,SPD,0,35,0,1,1,0,0,1,2,8,0,4.4000001,4.1999998,3.5999999,3.4000001,3.8
103,SPD,1,54,1,0,2,0,0,0,2,0,0,2.8,2.5999999,2.8,2.8,3
104,GREEN,1,55,0,1,3,1,0,1,1,2,0,3,2.2,2.8,2.5999999,2.5999999
105,SPD,0,37,1,0,1,0,1,1,2,2,0,2.5999999,2.8,3.4000001,3.8,3
106,FDP,1,55,1,0,1,0,1,0,2,1,0,3.8,3,2.5999999,2.2,2.4000001
107,SPD,0,62,0,0,3,0,0,0,2,1,0,3.5,2.9000001,3.4000001,3.5999999,3
108,SPD,0,36,1,0,3,0,0,1,1,0,0,3,3,3.8,3.5999999,3
109,SPD,0,53,1,0,2,0,0,1,1,3,0,3.4444439,3.4444439,3.333333,3.777777,3
110,SPD,0,64,1,0,2,0,0,1,1,9,916.66669,3.2,2.8,3.2,3,2.2
111,CDUCSU,1,57,1,0,5,1,0,0,1,5,0,2.5999999,2.5999999,2.5999999,2.5999999,2.8
112,GREEN,1,56,0,1,6,0,0,0,2,11,0,3,2.8,2.2,2.4000001,2.5999999
113,CDUCSU,0,50,0,1,1,0,0,,2,0,0,3.4000001,2.5999999,3,3,3
114,LINKE,1,49,0,1,4,0,0,0,4,3,0,3.2,3,3.2,2.8,3.2
115,SPD,0,61,1,0,6,0,0,1,0,9,7000,4.4000001,3.4000001,3.8,4.1999998,2.8
116,LINKE,0,51,1,0,1,0,0,1,0,3,4083.3333,3.4000001,3.2,3.5999999,3.8,3.2
117,SPD,1,50,1,0,4,0,0,0,1,2,0,3.2,3,3,3,3
118,FDP,0,58,1,0,5,0,1,0,5,9,0,3.8,2.8,3,2.8,2.8
119,SPD,1,56,0,0,2,0,0,0,0,5,583.33331,2.8,2.5999999,2.4000001,2.4000001,2.5999999
120,CDUCSU,1,56,1,0,5,0,0,0,4,6,0,3,2.5999999,2.5999999,2.4000001,2.5999999
121,CDUCSU,1,62,0,0,5,0,0,1,0,2,0,3.4000001,3.2,3,2.5999999,3
122,SPD,1,58,0,0,5,0,0,0,2,4,0,3.8,3,3.2,3,3.4000001
123,CDUCSU,0,57,0,1,3,0,0,1,1,6,41.666668,3.5999999,2.8,3.2,2.8,2.4000001
124,GREEN,0,53,1,0,3,0,0,0,2,15,0,3.4000001,3.4000001,2.5999999,2.8,3
125,CDUCSU,0,42,0,0,2,0,0,1,3,11,0,4,3.666666,4.4444442,4.333333,3.1111109
126,SPD,1,47,0,0,4,0,0,1,2,5,0,3.8888879,3.2222221,3.1111109,2.8888879,3.5555551
127,CDUCSU,1,48,1,0,3,0,0,0,2,1,0,3.4000001,3,3.2,3,3.4000001
128,CDUCSU,0,57,0,0,2,1,0,0,2,1,0,3.8,3.2,3,3.2,3.2
129,CDUCSU,0,62,1,0,8,0,1,0,1,3,0,3.8,3.4000001,3.4000001,3.4000001,3.4000001
130,CDUCSU,0,39,1,0,3,0,0,0,1,3,0,3.8,3.5999999,3.5999999,3.4000001,3.5999999
131,FDP,1,54,1,0,3,0,0,1,3,7,41.666668,3,2.5999999,2.4000001,2.5999999,2.4000001
132,CDUCSU,1,42,0,1,2,0,0,1,2,2,0,3.4000001,3.4000001,2.8,2.2,2.8
133,CDUCSU,0,53,1,0,2,1,0,0,1,3,2630.2083,3.5999999,3.4000001,3,3.4000001,3
134,SPD,1,48,0,0,4,0,0,0,2,1,0,3,2.5999999,2.4000001,2.8,2.8
135,SPD,0,58,1,0,3,0,0,0,2,1,0,3.4000001,2.8,3.4000001,3.2,3
136,CDUCSU,0,60,0,0,5,1,0,1,1,1,0,4.5999999,4.1999998,3.4000001,3.5999999,3.4000001
137,SPD,1,49,0,0,2,1,0,1,2,11,0,3,2.5999999,3,2.8,2.4000001
138,SPD,1,52,1,0,4,0,0,0,1,4,0,1.8,2.4000001,2,2.4000001,2.4000001
139,FDP,0,40,1,0,2,0,1,1,1,10,0,3,2.5999999,2.8,2.8,2.2
140,FDP,0,62,1,0,4,0,0,0,1,3,583.33331,4.4000001,3.8,3.4000001,4,3.2
141,FDP,0,55,1,0,5,1,0,1,1,3,583.33331,3.5999999,2.5999999,3,3.2,2.2
142,CDUCSU,0,48,0,1,3,0,1,0,1,6,0,3.4000001,3,3.2,3.5999999,2.8
143,SPD,0,33,1,0,1,0,0,0,1,0,0,3,2.5999999,3,2.5999999,2.2
144,CDUCSU,0,59,1,0,5,0,0,1,2,4,0,3.2,3,3,3,3
145,CDUCSU,0,56,1,0,3,0,1,0,3,10,0,4.5999999,3.8,3.8,3.2,3.4000001
146,CDUCSU,0,56,0,1,2,1,0,1,3,13,1062.5,2.8888879,2.777777,3,3.1111109,2.5555551
147,CDUCSU,0,53,1,0,6,0,1,1,5,9,1994.7916,4,3.8,4,3.8,3.8
148,SPD,0,46,1,0,1,0,0,1,0,5,7000,3,3.2,3.4000001,3.4000001,3.2
149,CDUCSU,0,56,0,1,2,0,1,1,2,5,0,3.5555551,3,3.4444439,3.4444439,3.333333
150,CDUCSU,0,53,0,1,3,0,1,0,3,3,416.66666,3.5999999,3.2,4.1999998,4.1999998,3.2
151,LINKE,0,62,0,0,2,0,0,0,1,0,0,3.2,2.5999999,2.8,2.5999999,3
152,GREEN,0,28,1,0,1,0,0,0,2,0,0,3,3.2,2.5999999,3,2.8
153,CDUCSU,0,66,1,0,6,0,1,0,4,2,0,3.8,3,3,3,2.5999999
154,FDP,0,56,0,1,1,0,0,0,2,1,0,3.4000001,3.2,3.2,4,3.8
155,FDP,0,62,0,1,4,0,0,1,2,7,2333.3333,3.2222221,2.8888879,3.777777,3.4444439,3
156,SPD,0,34,1,0,1,0,0,0,2,0,0,4,3.8,4,3.8,3.5999999
157,CDUCSU,0,54,1,0,2,1,0,0,2,13,1000,3,2.5999999,3,2.8,2.4000001
158,SPD,1,41,1,0,5,0,0,0,1,3,0,3.2,2.8,2.5999999,2.4000001,3
159,CDUCSU,0,61,0,0,9,0,0,1,1,4,7000,3.5999999,3.2,4,4,2.8
160,SPD,0,55,1,0,4,0,0,1,0,2,7000,3.8,3.5999999,3.4000001,3.4000001,3.2
161,CDUCSU,0,44,1,0,2,0,1,0,0,2,0,2.8,2.8,3.2,3.2,2.8
162,FDP,0,59,1,0,3,0,0,0,1,5,0,4.2222219,3.2222221,3.5555551,2.8888879,3.333333
163,LINKE,1,30,1,0,1,0,0,0,3,3,0,3.5999999,3.2,2.8,2.5999999,2.2
164,CDUCSU,0,55,1,0,2,0,0,0,1,6,0,3.4000001,3.2,3.5999999,3.5999999,3.4000001
165,GREEN,1,39,0,0,3,0,0,1,2,8,0,2.2,2.5999999,2.4000001,2.4000001,2.4000001
166,CDUCSU,0,58,1,0,5,0,0,0,2,3,0,3.4000001,3,3,3,2.8
167,CDUCSU,0,50,0,1,6,0,1,0,1,5,0,3.5999999,3.2,4,4,3.2
168,SPD,1,55,0,0,3,0,0,0,2,0,0,3.2,3.4000001,3,3,3.5999999
169,SPD,1,58,1,0,4,0,0,0,2,3,0,3.4000001,3.2,2.5999999,2.4000001,3.2
170,CDUCSU,1,50,1,0,2,0,1,0,3,3,2666.6667,2.8,2,2.8,2.2,2.4000001
171,SPD,0,60,1,0,4,0,0,0,1,2,0,3,2.5999999,2.4000001,2.4000001,2.5999999
172,SPD,1,51,1,0,3,0,0,1,5,8,0,3.4000001,3,2.8,2.5999999,2.8
173,SPD,1,39,1,0,3,0,0,1,1,7,0,3.4000001,3,2.8,2.5999999,2.8
174,CDUCSU,0,44,1,0,2,0,0,0,3,2,0,3.8,3.4000001,3.8,4,3.4000001
175,CDUCSU,0,44,1,0,4,0,1,0,1,3,41.666668,4,3.5999999,3.5999999,3.4000001,3.8
176,SPD,1,50,0,0,2,0,0,0,2,9,0,3,3.4000001,2.2,2.4000001,3
177,CDUCSU,0,45,1,0,2,0,1,1,2,4,0,3.4000001,2.8,3.2,2.8,2.8
178,SPD,0,58,1,0,6,0,0,1,0,1,7000,4,3.5555551,3.8888879,3.666666,3.4444439
179,SPD,0,58,0,0,3,0,0,0,3,4,0,3.8,3,3.2,3,3
180,CDUCSU,0,46,0,0,2,0,1,0,3,4,0,4.4000001,4,4.4000001,4.5999999,3.8
181,CDUCSU,0,50,1,0,4,0,0,0,5,1,0,4.2222219,3.5555551,4.4444442,4.1111112,3.333333
182,FDP,1,30,1,0,1,0,0,1,2,0,0,2.5999999,3.4000001,3.2,3,3.4000001
183,CDUCSU,1,43,1,0,1,0,0,0,3,16,6270.8335,2.8,3.2,2.5999999,2.8,3
184,SPD,0,58,1,0,1,0,0,0,3,0,0,4.1999998,3.2,3.4000001,3.5999999,2.8
185,FDP,0,57,1,0,5,0,0,0,2,3,0,3.8,3,3.4000001,3.5999999,3.4000001
186,CDUCSU,0,34,0,1,2,0,0,0,1,5,0,2,2.75,2.5,3.25,2.5
187,CDUCSU,0,35,1,0,2,0,1,0,1,3,0,2.8,3.2,3.4000001,3.4000001,2.8
188,LINKE,0,57,0,1,5,0,1,1,1,5,2276.0417,3.5999999,3.4000001,3.2,3.2,2.8
189,SPD,0,56,1,0,6,0,1,1,1,5,0,3.2,2.8,3.2,3,2.5999999
190,SPD,1,50,0,0,2,0,0,0,2,2,0,2.8,2.4000001,3.4000001,3.2,2.8
191,SPD,0,58,1,0,4,0,0,1,4,2,0,3.2,2.5999999,2.4000001,2.8,2.8
192,CDUCSU,0,34,1,0,2,0,0,1,5,12,0,3,3,4,3.5999999,3.2
193,GREEN,1,42,1,0,2,0,0,0,1,4,0,3.4000001,3,2.8,3.2,2.8
194,LINKE,1,39,1,0,1,0,0,0,2,1,0,3.2,3.2,2.8,2.4000001,3.5999999
195,FDP,1,55,0,1,2,0,0,0,2,0,0,3.5999999,2.8,3.4000001,3.2,3.2
196,SPD,0,62,1,0,4,0,1,1,0,2,7000,3.2,3,3.5999999,3.5999999,3
197,SPD,0,42,1,0,2,0,0,1,2,6,0,4.1999998,3.8,3.8,4,3.8
198,CDUCSU,1,55,1,0,6,1,0,1,1,2,0,2.8,2.8,2.8,2.8,3.2
199,GREEN,1,44,1,0,1,0,0,0,3,3,0,3,2.8,2.5999999,2.5999999,2.2
200,SPD,1,37,1,0,3,0,0,0,2,2,0,2.5999999,3.4000001,3.8,3.8,2.8
201,FDP,0,51,1,0,1,0,0,0,1,9,1166.6666,3.5999999,3.8,3.5999999,3.4000001,3.5999999
202,SPD,0,33,1,0,3,0,0,1,0,1,7000,3,3,3.8,3.8,3
203,LINKE,0,39,1,0,1,0,1,0,3,0,0,3.8,3.4000001,3.4000001,3.4000001,3.2
204,CDUCSU,1,40,1,0,3,1,0,0,0,3,7000,2.777777,3.2222221,3.2222221,3.1111109,3.2222221
205,CDUCSU,1,54,1,0,2,0,0,1,4,0,0,3.2,3.4000001,2.8,3,3.4000001
206,SPD,0,61,0,1,4,0,0,0,1,2,0,3.4000001,3.2,3,2.8,2.5999999
207,SPD,0,57,1,0,4,0,0,0,2,3,0,3.1111109,2.8888879,3.333333,3.2222221,3
208,SPD,1,53,0,1,4,0,0,1,1,8,7000,3.4000001,3.2,2.5999999,2.8,3
209,CDUCSU,0,40,1,0,2,0,1,0,1,3,0,3,3,3.4000001,3.5999999,3.2
210,GREEN,1,45,1,0,1,0,0,,1,5,0,3,2.5999999,2.4000001,2.4000001,3
211,GREEN,0,53,1,0,3,0,0,0,4,5,0,2.8888879,2.8888879,2.777777,2.8888879,2.777777
212,CDUCSU,0,43,1,0,2,0,0,0,3,0,0,3.5555551,3.4444439,3.5555551,3.2222221,3.2222221
213,SPD,0,47,0,0,3,0,0,0,1,1,0,3.5999999,3,2.4000001,2.5999999,2.5999999
214,SPD,1,46,1,0,2,0,0,0,4,1,0,2.5999999,2.8,2.5999999,2.5999999,2.5999999
215,GREEN,0,46,1,0,2,0,0,1,1,5,0,4.1999998,3.5999999,3,2.8,3.4000001
216,CDUCSU,0,51,1,0,2,1,0,0,1,1,0,3,3.2,3.8,4.1999998,3
217,LINKE,0,55,0,0,1,1,0,0,1,3,0,4.4000001,3.4000001,3.5999999,3.8,3.4000001
218,SPD,1,52,0,0,2,0,0,0,2,2,0,2.8,2.8,2.2,2.2,2.5999999
219,SPD,0,49,1,0,6,0,0,0,1,2,0,3.4000001,3,3,3.4000001,2.8
220,CDUCSU,0,62,0,0,8,0,0,1,0,11,1000,4,3.5999999,3.8,4,3.2
221,CDUCSU,0,55,1,0,5,0,0,1,0,2,7000,3.666666,3,3.5555551,3.4444439,3
222,SPD,1,43,1,0,1,0,1,0,2,1,0,3.4000001,2.5999999,3,3,2.4000001
223,GREEN,1,46,0,0,1,0,0,0,2,4,0,3.2,3.2,3.4000001,3,3
224,LINKE,1,25,1,0,1,0,0,0,2,2,0,2.8,3.5999999,2.2,3,2.8
225,CDUCSU,0,51,1,0,2,0,0,0,2,1,0,3.5555551,3.2222221,3.8888879,3.4444439,3.2222221
226,CDUCSU,0,58,0,0,3,0,0,0,2,6,0,2.8,2.4000001,2.8,3.5999999,2.5999999
227,SPD,0,62,1,0,4,0,0,0,4,4,0,4,3.2,3.4000001,3.2,3.2
228,FDP,1,48,0,0,1,0,0,0,3,0,0,2.5999999,3.2,2.8,2.8,3
229,SPD,1,42,1,0,3,1,0,0,1,2,0,3.5999999,3.4000001,2.8,2.5999999,3.5999999
230,GREEN,1,50,1,0,4,0,0,1,1,8,0,3,3.1111109,2.666666,2.8888879,2.666666
231,SPD,0,56,1,0,4,0,0,0,1,0,0,3.8,3.2,4,3.8,3
232,GREEN,0,35,0,1,1,0,0,0,1,2,0,4,3.8,3.4000001,3,3.2
233,LINKE,1,55,1,0,1,1,0,0,1,0,0,4,3.2,3.4000001,2.5999999,3
234,GREEN,1,53,1,0,1,0,0,1,1,0,0,4,3.5999999,3.5999999,3.4000001,3.4000001
235,LINKE,1,48,0,1,4,0,0,0,1,1,0,2.8,2.5999999,2.5999999,2.5999999,1.8
236,CDUCSU,0,45,0,0,1,0,0,0,1,11,1333.3334,3.4000001,3,3.2,3.2,2.5999999
237,FDP,1,40,1,0,5,0,0,1,2,2,0,2.8,3,2.5999999,2.4000001,3
238,GREEN,0,47,0,0,2,0,0,1,1,3,0,3,2.8,3,3,2.5999999
239,CDUCSU,0,60,1,0,6,0,1,1,4,6,0,3.2,2.8,3.8,3.5999999,3
240,SPD,0,59,1,0,4,0,0,0,1,4,375,4.5555549,3.4444439,3.777777,3.4444439,2.8888879
241,FDP,0,54,0,1,6,0,0,1,1,7,0,2.777777,2.4444439,2.777777,3,2.1111109
242,CDUCSU,1,50,1,0,1,0,1,0,2,2,1000,2.8888879,2.777777,2.666666,2.8888879,2.777777
243,SPD,0,38,0,0,2,0,0,1,1,9,10000,3.2222221,3,3.5555551,3.4444439,3.1111109
244,SPD,1,56,1,0,3,1,0,0,2,1,0,3.2,3.2,3.2,3.4000001,3.4000001
245,CDUCSU,0,49,1,0,5,0,0,1,1,6,0,2.8888879,2.4444439,3.333333,3.333333,2.333333
246,SPD,0,61,1,0,9,0,0,1,2,1,182.29167,3.666666,3.1111109,3.666666,3.666666,3
247,SPD,1,57,0,0,4,0,0,1,2,2,0,4.1111112,3.777777,3.666666,3.4444439,3.5555551
248,CDUCSU,1,56,1,0,6,0,0,0,2,5,0,3.8888879,3.4444439,3.1111109,2.8888879,3.4444439
249,CDUCSU,0,46,0,1,2,0,0,0,1,8,0,3.1111109,3,3.333333,3.333333,3.2222221
250,LINKE,1,54,1,0,4,0,0,0,1,0,0,2.777777,3.2222221,3.1111109,3.4444439,3.2222221
251,LINKE,1,69,0,1,1,0,0,0,2,0,0,4.2222219,3.5555551,3.666666,3.8888879,3.777777
252,CDUCSU,0,57,0,1,1,0,0,0,1,3,0,3.5555551,2.777777,3.4444439,3.333333,2.4444439
253,SPD,0,38,1,0,1,0,0,0,3,4,0,3.666666,3.666666,3.8888879,3.666666,3.333333
254,CDUCSU,0,30,1,0,1,0,1,0,3,1,0,2.5555551,2.5555551,2.5555551,3.1111109,2.4444439
255,CDUCSU,0,56,0,1,1,0,0,1,0,6,7000,3.4444439,2.777777,3,3.2222221,2.4444439
256,SPD,0,46,0,0,1,0,0,0,2,1,0,3.777777,3.2222221,3.8888879,3.8888879,2.8888879
257,SPD,0,42,1,0,3,0,0,0,2,4,0,3.4444439,2.777777,3.2222221,3.4444439,2.8888879
258,CDUCSU,0,56,0,0,6,1,0,0,2,10,0,3.2222221,3,3.2222221,3.2222221,2.5555551
259,CDUCSU,0,57,0,0,1,1,0,0,1,3,0,3.777777,3.4444439,3.666666,3.333333,3.333333
260,CDUCSU,0,42,1,0,5,1,0,0,1,4,0,3.4444439,2.666666,2.8888879,3.333333,2.666666
261,CDUCSU,0,55,1,0,1,0,1,0,3,3,291.66666,3.8888879,3.1111109,3.333333,3.2222221,3.2222221
262,SPD,0,48,1,0,3,0,0,1,0,2,7000,4.2222219,3.777777,3.666666,3.5555551,3.777777
263,CDUCSU,0,48,1,0,2,0,0,0,4,0,0,2.777777,2.4444439,2.666666,2.777777,2.666666
264,SPD,1,59,1,0,6,0,0,1,1,5,0,3.2222221,3.4444439,2.8888879,3.2222221,3.1111109
265,FDP,0,38,1,0,2,1,0,0,2,2,41.666668,2.777777,3.1111109,2.777777,3,3.1111109
266,CDUCSU,0,55,1,0,2,0,1,1,4,6,0,3.5555551,2.777777,3.2222221,3.1111109,2.4444439
267,CDUCSU,0,56,1,0,5,0,1,1,1,1,0,4.1111112,2.8888879,3.5555551,3.5555551,2.4444439
268,SPD,0,37,1,0,3,0,0,1,0,8,0,3.2222221,3.333333,3.666666,3.5555551,3.1111109
269,LINKE,0,62,0,1,1,0,0,0,3,0,0,4.333333,3.2222221,3.8888879,3.8888879,3.333333
270,LINKE,1,27,1,0,1,0,0,0,1,2,0,2.1111109,2.666666,2.333333,2.4444439,2.2222221
271,CDUCSU,0,40,1,0,4,0,1,0,1,8,0,3.666666,3.2222221,3.666666,3.666666,3.1111109
272,SPD,0,40,1,0,1,0,1,0,1,5,375,3.5555551,2.777777,3,3,2.5555551
273,CDUCSU,0,57,1,0,2,0,0,1,2,8,3500,4,3.4000001,3.5999999,3.2,3.4000001
274,CDUCSU,1,33,1,0,2,0,0,1,1,6,1000,2,3.2222221,3.2222221,3.4444439,2.8888879
275,SPD,0,68,1,0,7,0,1,1,1,6,0,2.777777,2.4444439,2.4444439,2.777777,2.4444439
276,SPD,1,37,1,0,2,0,0,1,0,1,7000,3.8888879,2.777777,3.1111109,3,3
277,LINKE,1,51,0,0,3,0,0,0,2,0,0,3.1111109,3.2222221,3,3.1111109,3
278,GREEN,1,44,1,0,1,0,0,0,2,5,0,3.666666,3,3,3.2222221,2.8888879
279,CDUCSU,0,43,0,0,1,0,0,0,1,2,0,2.666666,2.5555551,3,2.8888879,2.4444439
280,SPD,1,38,0,1,2,1,0,0,3,8,0,3.666666,3.333333,2.8888879,3.1111109,3.4444439
281,CDUCSU,1,28,1,0,2,0,0,0,2,3,0,2.4000001,3,3.2,3,2.8
282,FDP,0,49,0,1,5,1,0,0,1,7,583.33331,3.2222221,2.666666,2.666666,2.8888879,2.4444439
283,CDUCSU,0,52,1,0,5,0,0,0,1,1,187.5,2.8888879,3.1111109,3.333333,3.1111109,2.8888879
284,SPD,0,61,1,0,8,0,1,1,5,2,0,3.5555551,2.777777,3.4444439,3.333333,2.333333
285,FDP,0,55,1,0,2,0,0,0,1,0,0,3.8888879,3.2222221,4.1111112,3.777777,3
286,CDUCSU,0,62,1,0,4,0,0,0,2,2,0,4.2222219,3.1111109,4,4.1111112,3
287,FDP,1,55,1,0,3,1,0,0,2,6,0,2.4444439,3.1111109,2.777777,2.8888879,2.8888879
288,FDP,0,60,0,0,5,0,0,0,1,4,0,3.1111109,2.8888879,3.2222221,3.2222221,2.5555551
289,SPD,0,51,1,0,5,0,0,1,3,1,0,3.666666,3.333333,3,3.333333,3
290,LINKE,0,28,1,0,1,0,0,0,1,2,0,2.666666,3.5555551,3,3.2222221,3.333333
291,SPD,1,46,1,0,3,0,0,1,0,10,7000,2.8888879,2.666666,2.8888879,2.777777,2.777777
292,CDUCSU,0,49,0,1,1,0,0,0,1,3,0,3.333333,2.8888879,3.4444439,3.5555551,2.8888879
293,CDUCSU,0,46,1,0,5,0,0,0,2,13,0,3.2222221,2.777777,3.333333,2.777777,2.777777
294,CDUCSU,0,57,1,0,6,0,1,1,0,10,7000,3.5555551,2.777777,3.333333,3.1111109,2.777777
295,GREEN,1,53,1,0,1,0,0,1,2,0,0,3,3.1111109,3.2222221,3.5555551,3.2222221
296,SPD,0,56,1,0,2,0,0,0,2,3,0,3.1111109,2.5555551,3.2222221,2.8888879,2
297,SPD,1,38,1,0,3,0,1,0,1,1,8687.5,2.8888879,2.5555551,2.2222221,2.4444439,2.333333
298,SPD,0,55,1,0,2,0,0,0,2,3,0,3.777777,3.1111109,3.4444439,3.333333,2.8888879
299,SPD,1,47,1,0,4,0,0,0,0,3,0,3,2.4444439,3,3,2.666666
300,CDUCSU,0,30,1,0,2,1,0,0,1,4,0,3,3.333333,3.1111109,3.1111109,3.1111109
301,CDUCSU,0,41,1,0,2,1,1,1,1,4,0,3.1111109,2.666666,3.1111109,2.8888879,2.4444439
302,CDUCSU,0,36,0,1,2,0,1,0,3,7,0,3.1111109,2.666666,3.2222221,3.4444439,2.333333
303,CDUCSU,1,41,0,1,3,0,0,1,1,7,0,2.2222221,2.8888879,2.8888879,2.8888879,3.1111109
304,SPD,0,60,1,0,4,0,1,0,3,5,0,3.666666,2.8888879,3.1111109,3,2.5555551
305,SPD,0,53,0,1,2,0,1,0,4,2,0,3.777777,3.4444439,4.2222219,4.2222219,3.333333
306,SPD,1,54,1,0,3,0,0,1,3,3,0,3.5,3,2.625,2.75,3.125
307,CDUCSU,0,59,1,0,1,0,0,0,3,12,0,3.625,3,3.5,3.625,3.25
308,SPD,0,48,0,0,1,0,0,0,1,3,0,4,3.25,3.75,3.625,3.375
309,CDUCSU,0,56,0,1,4,1,0,1,0,4,7000,3.625,2.625,3.375,3.375,2.25
310,GREEN,0,50,1,0,2,0,0,1,2,1,0,3.625,3.125,3.25,3.25,3.125
311,SPD,1,58,1,0,4,0,0,0,0,10,1000,4.375,3.625,3.2149999,3.625,3.625
312,SPD,1,58,1,0,3,0,0,0,2,4,0,3,2.625,2.625,2.875,2.75
313,GREEN,1,50,1,0,2,0,0,1,1,2,0,3.25,3,3.125,3.125,2.875
314,LINKE,1,41,1,0,1,0,0,0,2,3,0,3.5,3,3,3.125,2.875
315,GREEN,1,54,1,0,2,0,0,0,1,1,0,3.375,3.5,3,3,3.5
316,GREEN,0,39,1,0,2,0,0,0,1,1,0,4,2.875,3.25,3.125,2.625
317,SPD,0,60,0,1,5,0,0,0,2,2,0,3.375,2.5,2.625,2.625,2.125
318,LINKE,0,62,1,0,3,0,0,1,1,2,583.33331,3.666666,2.833333,3.166666,3,2.166666
319,SPD,1,40,1,0,3,0,1,0,4,2,250,3.25,3.25,3.375,3.25,3.25
320,CDUCSU,0,54,0,1,4,0,1,1,3,5,0,3.625,3.125,3.75,3.75,2.875
321,CDUCSU,0,46,1,0,1,0,0,0,2,4,0,4.25,3.25,3.5,3.25,3
322,CDUCSU,0,57,0,1,8,0,0,1,1,16,812.5,4,2.75,3.375,3,2.375
323,CDUCSU,1,51,1,0,2,0,0,0,1,2,0,4.25,3.375,3,2.875,3.5
324,FDP,0,55,1,0,2,0,1,0,1,1,0,4.25,3.375,3.875,4,3.375
325,SPD,0,41,1,0,3,0,0,1,2,7,0,3.375,3,3.5,3.625,3
326,FDP,1,51,1,0,2,0,1,0,2,5,250,3,3,2.625,2.875,2.875
327,SPD,0,42,0,1,1,0,0,0,1,7,2010.4166,4.375,3.75,3.875,3.75,3
328,GREEN,1,38,1,0,2,1,0,0,1,3,0,4.125,3.125,2.875,2.375,2.625
329,CDUCSU,0,59,0,1,1,0,0,0,1,2,0,3.875,2.75,3.5,3.25,2.625
330,SPD,1,58,1,0,4,0,0,0,1,0,0,4,3.75,3.125,3.25,4
331,CDUCSU,0,46,1,0,1,0,1,0,3,3,0,3.7142861,3,3.428571,3.428571,2.7142861
332,FDP,0,44,1,0,2,0,0,0,5,3,1000,3.1428571,2.7142861,3,3.2857139,2.8571429
333,FDP,1,57,0,0,3,1,0,0,1,2,0,3.375,2.875,3.125,2.875,2.875
334,LINKE,0,31,1,0,1,0,0,0,2,0,0,2.428571,3,3,3.428571,3
335,FDP,1,54,1,0,5,0,1,1,4,9,0,3.1428571,2.8571429,2.571429,3.1428571,2.8571429
336,CDUCSU,0,42,1,0,1,0,0,0,3,1,0,3.2857139,2.7142861,3.2857139,3.2857139,2.2857139
337,FDP,0,42,1,0,1,0,0,0,3,4,0,3.8571429,3.2857139,4.5714288,4.4285712,3.1428571
338,CDUCSU,0,61,1,0,9,0,1,1,5,0,0,3.8571429,2.8571429,2.7142861,3.1428571,2.428571
339,CDUCSU,0,62,0,1,7,0,0,1,1,6,4052.0833,4.5,3.75,4,3.75,3.625
340,CDUCSU,1,42,0,0,2,0,0,0,1,2,0,2.428571,3.2857139,2.571429,3.1428571,3.2857139
341,FDP,0,45,1,0,2,0,0,1,1,1,0,2.75,2.5,3.75,3.75,2.625
342,SPD,1,53,1,0,1,0,0,0,2,1,0,4.1428571,3.7142861,3.571429,3.428571,3.7142861
343,SPD,1,54,1,0,3,0,0,0,2,5,0,4,3,3.571429,3.1428571,2.7142861
344,LINKE,1,55,1,0,2,0,0,0,2,0,0,4.5714288,3.571429,4,3.7142861,3.1428571
345,LINKE,1,44,0,1,2,0,0,1,3,1,0,3.1428571,2.8571429,3,3.428571,2.571429
346,GREEN,1,22,0,0,2,0,0,0,2,2,0,3,3.25,2.375,2.5,2.625
347,CDUCSU,0,49,0,1,5,0,0,1,3,5,0,4.4285712,3.8571429,3.7142861,3.8571429,3.571429
348,GREEN,1,24,1,0,1,0,0,0,1,2,0,2.1428571,2.571429,2.2857139,2.571429,2.571429
349,SPD,0,45,1,0,3,0,1,0,3,1,0,2.571429,2.7142861,3.428571,3.571429,2.7142861
350,SPD,0,60,1,0,3,0,0,0,1,6,0,3.7142861,3,3.571429,3.7142861,3.1428571
351,SPD,1,42,1,0,2,0,0,0,1,2,0,3.2857139,3,2.8571429,3.1428571,3.1428571
352,SPD,1,34,1,0,1,0,0,0,1,0,0,3.2857139,3.1428571,3.7142861,3.7142861,3
353,SPD,1,51,1,0,2,0,0,0,1,2,0,3,2.8571429,2.2857139,2.1428571,2.8571429
354,LINKE,0,57,1,0,1,0,1,0,2,5,1291.6666,4.1428571,3,3.8571429,3.7142861,3
355,CDUCSU,0,32,1,0,2,0,1,0,4,4,0,2,2.428571,2.7142849,2.8571429,2.7142849
356,SPD,0,53,1,0,5,0,0,0,2,5,0,4,3.1428571,3.1428571,3.2857139,3.1428571
357,CDUCSU,0,56,1,0,5,0,0,0,2,0,0,4,3.571429,3.571429,3.1428571,3.428571
358,FDP,0,33,1,0,1,1,0,0,1,3,0,2.571429,2.8571429,2.7142861,3,2.8571429
359,FDP,0,39,0,0,1,0,0,0,1,6,1000,4,3,3.8571429,3.7142861,2.571429
360,CDUCSU,0,44,0,1,4,0,0,1,0,6,166.66667,4,3.875,3.875,3.875,3.875
361,LINKE,1,40,1,0,1,0,0,0,5,0,0,3.8571429,3.2857139,2.8571429,3,3
362,SPD,1,58,0,0,2,1,0,0,5,7,0,3.7142861,2.7142861,2.571429,2.7142849,2.571429
363,CDUCSU,1,51,0,1,5,0,0,1,0,3,7000,2.666666,2.333333,3,3,2.666666
364,SPD,1,54,0,0,3,1,0,1,1,3,0,3.428571,3.1428571,3.428571,3.428571,3
365,CDUCSU,0,50,1,0,4,0,1,1,1,17,5128.4585,3.1428571,2.571429,2.8571429,3,2.7142849
366,CDUCSU,0,57,1,0,2,1,0,0,1,6,1166.6666,3.7142849,2.428571,3.571429,3.428571,2.428571
367,CDUCSU,1,56,1,0,4,0,0,0,1,3,0,3.1428571,3.2857139,3.1428571,3.1428571,3.2857139
368,CDUCSU,0,56,1,0,4,0,0,1,2,15,0,3.2857139,2.8571429,3.1428571,3.1428571,2.8571429
369,SPD,0,37,0,1,1,0,1,0,3,2,1244.7916,4.2857141,3.571429,3.8571429,3.7142849,3.2857139
370,CDUCSU,0,26,0,0,1,0,0,1,4,4,0,2.571429,3,3.1428571,3.1428571,3
371,SPD,1,52,1,0,4,0,0,0,3,3,0,3.125,2.5,2.625,2.75,2.875
372,LINKE,1,44,1,0,1,1,0,0,1,3,0,4.1428571,3.1428571,3.571429,3.571429,3.2857139
373,CDUCSU,1,50,0,1,1,0,1,0,1,5,125,3.571429,3.2857139,3.2857139,3.1428571,3.2857139
374,GREEN,0,58,1,0,2,0,1,1,3,1,78.125,4.1428571,3.1428571,3.1428571,3.2857139,3.428571
375,CDUCSU,1,50,0,0,2,0,0,1,2,9,0,3,2.8571429,3.1428571,3.2857139,3
376,FDP,0,32,0,0,1,0,0,0,1,5,0,3.428571,3,3.571429,3.571429,3
377,SPD,0,31,1,0,1,0,0,1,1,0,0,3.1428571,3,3.428571,3.7142849,3
378,CDUCSU,0,35,1,0,1,1,1,0,3,14,875,3.1428571,2.8571429,2.8571429,3,2.7142849
379,SPD,0,41,0,0,1,0,0,0,1,8,0,4,3.571429,4.1428571,4,3.571429
380,SPD,0,57,1,0,7,1,0,1,0,5,7000,4.2857141,3.1428571,3.1428571,3.1428571,2.7142861
381,CDUCSU,0,30,0,0,2,0,0,1,3,5,0,2.1428571,3,3,3.428571,3.2857139
382,CDUCSU,0,55,1,0,3,0,0,0,2,0,0,4.1428571,3.7142849,4.1428571,4.2857141,3.7142849
383,GREEN,1,42,1,0,4,0,1,0,1,6,0,2.75,3,2.25,2,2.125
384,CDUCSU,0,50,0,1,4,1,0,1,0,2,7000,3,2.7142861,2.8571429,3.2857139,2.7142849
385,CDUCSU,1,38,1,0,2,1,0,1,0,13,3500,3,2.7142861,2.7142861,2.7142861,3
386,FDP,0,46,1,0,1,0,1,0,1,3,0,4.1428571,3,4,4,2.8571429
387,SPD,1,42,1,0,2,0,0,0,1,2,0,3.2857139,3,3,2.8571429,2.8571429
388,SPD,0,65,0,0,9,0,0,1,1,2,7000,3.8571429,3,3.7142849,3.428571,2.428571
389,SPD,0,46,0,1,2,0,0,0,2,6,0,3.2857139,3.1428571,3.428571,3.428571,2.8571429
390,GREEN,0,59,1,0,4,0,0,0,3,4,0,3.428571,3,3.1428571,3.428571,2.7142861
391,SPD,1,35,1,0,2,0,0,0,1,2,0,2.571429,2.7142861,2.2857139,2.571429,2.8571429
392,LINKE,1,47,1,0,2,0,0,1,1,0,0,3.571429,3,3.571429,3.1428571,3
393,LINKE,0,57,1,0,1,0,1,1,3,0,0,3.1428571,3,3.1428571,3.2857139,2.7142861
394,CDUCSU,0,63,1,0,6,0,0,1,0,13,7000,3.571429,2.8571429,3.8571429,3.2857139,2.428571
395,FDP,0,42,1,0,3,0,0,1,1,8,4229.1665,3.2857139,2.8571429,3.7142861,3.8571429,3
396,OTHER,0,46,1,0,2,1,0,0,0,4,0,4,3.428571,3.428571,3.428571,3.428571
397,CDUCSU,1,46,1,0,2,0,1,0,2,0,0,2.25,3.5,3.5,3.625,3.5
398,GREEN,0,30,0,0,1,0,0,0,3,3,41.666668,3.571429,3.7142861,3.8571429,3.7142861,3.571429
399,CDUCSU,0,36,0,1,2,1,0,0,2,7,3500,3.2857139,2.7142861,3.428571,3.428571,2.8571429
400,CDUCSU,0,59,1,0,3,0,0,0,1,4,583.33331,4,2.8571429,3.428571,3.1428571,2.7142861
401,SPD,0,51,1,0,1,0,1,0,4,12,0,3.2857139,3.1428571,3.2857139,3.428571,3.1428571
402,SPD,0,54,0,0,3,0,0,1,1,2,0,3.8571429,2.8571429,3.571429,3.2857139,2.8571429
403,CDUCSU,0,58,1,0,6,1,0,1,1,5,145.83333,3.7142861,2.8571429,3.8571429,4,2.8571429
404,CDUCSU,0,37,0,0,1,0,1,0,1,5,0,3.1428571,3.428571,3,3.1428571,3.2857139
405,FDP,0,53,1,0,4,0,1,1,2,11,15114.583,3.375,2.875,3.25,3,2.75
406,LINKE,0,67,0,1,1,0,0,0,1,5,0,3.8571429,2.8571429,3.2857139,3,2.428571
407,FDP,0,63,1,0,4,0,0,0,1,2,0,4.4285712,3.571429,3.7142861,3.7142861,3.571429
408,LINKE,1,42,1,0,3,0,0,1,3,2,0,3.571429,3.571429,3.1428571,3,3.428571
409,SPD,0,54,1,0,2,0,0,0,1,0,0,3.875,3.125,4.25,4.125,3
410,CDUCSU,1,57,0,0,2,1,0,1,2,4,0,2.571429,3,3,3,2.8571429
411,CDUCSU,0,54,1,0,4,0,0,0,1,4,0,3.8571429,2.8571429,3.428571,3.428571,2.428571
412,CDUCSU,0,38,0,1,2,1,0,0,1,17,854.16669,2.8571429,2.7142861,3.571429,3.571429,2.8571429
413,CDUCSU,1,54,0,0,2,0,0,1,2,5,0,2.777777,2.375,2.5555551,2.375,2.5
414,SPD,0,59,1,0,3,0,0,0,2,3,0,3.2222221,2.75,2.8888879,2.875,3.125
415,CDUCSU,1,60,1,0,4,0,0,0,1,3,0,3.5555551,2.875,3.333333,3,3
416,FDP,1,46,1,0,3,0,0,1,1,2,0,2.2222221,3.625,3.1111109,3.375,3.625
417,FDP,1,41,1,0,2,0,1,1,3,8,0,3.1111109,3.25,3.1111109,3.25,3.625
418,CDUCSU,0,46,1,0,5,0,1,1,0,6,7291.6665,3.125,2.8571429,2.75,3.2857139,3
419,CDUCSU,0,59,1,0,4,0,0,1,4,5,1000,3.8888879,2.75,4,3.875,3.25
420,SPD,0,57,0,0,8,0,0,0,2,3,1166.6666,3.777777,2.75,3.1111109,3.125,2.5
421,GREEN,1,50,1,0,1,0,0,0,1,0,0,3,2.75,2.8888879,2.875,2.75
422,SPD,0,47,1,0,1,0,0,1,3,1,0,2.777777,3.125,3.5555551,3.875,3
423,SPD,0,51,0,1,2,0,0,0,1,5,0,3.333333,3.5,2.8888879,3.75,3.25
424,SPD,0,33,1,0,2,0,1,1,2,6,0,2.8888879,3,3.333333,3.625,2.875
425,CDUCSU,1,30,1,0,2,0,1,0,2,5,0,2,3.125,2.666666,2.75,3.25
426,SPD,0,37,0,1,2,0,0,1,2,0,0,2.5,2.875,2.875,3.5,2.875
427,CDUCSU,0,43,1,0,4,0,0,1,0,12,7000,3.777777,3,3.1111109,3.375,2.875
428,CDUCSU,0,64,1,0,5,0,0,0,5,0,0,3.5555551,3.5,3.777777,3.5,3.375
429,LINKE,0,49,0,0,1,1,0,1,2,1,0,3.1111109,2.625,2.4444439,2.375,2.375
430,CDUCSU,0,51,0,1,5,1,0,1,2,9,0,2.777777,3,3.333333,3.5,3
431,CDUCSU,0,60,1,0,6,0,0,1,2,3,0,3.2222221,2.666666,2.777777,3.25,3
432,SPD,1,48,1,0,1,0,0,0,2,4,0,3.4444439,3.625,3.333333,3.125,3.25
433,CDUCSU,0,51,1,0,1,0,0,0,2,2,0,3.666666,2.875,3,2.75,3
434,SPD,0,45,1,0,1,0,0,0,2,3,0,3.1111109,2.75,3.1111109,3.125,2.5
435,CDUCSU,1,32,1,0,3,0,0,1,0,7,0,2.1111109,3,2.4444439,2.75,3.125
436,SPD,0,34,1,0,1,0,0,0,2,5,1000,3.333333,3.625,3.4444439,3.625,3.5
437,SPD,0,52,1,0,2,0,0,0,2,6,0,3.333333,2.75,2.777777,3,3
438,SPD,1,38,0,1,3,0,0,0,2,0,0,2.666666,3,3.2222221,3.375,3
439,LINKE,1,47,1,0,1,0,0,0,2,0,0,4.1111112,3.25,3.4444439,2.875,3.25
440,CDUCSU,0,46,1,0,5,0,0,1,3,5,0,3,2.75,3.666666,3.875,3.375
441,SPD,1,58,1,0,5,0,0,1,2,7,0,2.75,2.75,2.375,2.375,2.875
442,CDUCSU,0,70,0,1,9,0,0,0,1,18,5541.6665,3.8888879,2.875,2.666666,3.125,3
443,SPD,0,62,0,0,2,0,0,0,3,13,7489.5835,3.375,2.8571429,2.625,2.7142861,2.8571429
444,SPD,0,30,0,0,1,0,0,0,2,0,0,2.75,3.1428571,2.875,3.1428571,2.8571429
445,FDP,0,39,1,0,1,0,0,0,1,0,0,3.375,3.571429,2.875,3,3.571429
446,CDUCSU,0,63,0,0,5,0,0,0,1,2,1000,3.875,3.571429,3.5,3.8571429,3.571429
447,CDUCSU,0,46,0,0,1,0,0,0,1,13,2739.5833,3.25,3.1428571,3.625,3.7142861,3.2857139
448,SPD,0,41,1,0,3,0,0,0,2,3,0,3.25,3,2.875,2.5,2.625
449,CDUCSU,0,61,1,0,8,1,0,0,3,5,1000,2.875,2.8571429,3.625,3.8571429,2.8571429
450,SPD,0,54,0,1,3,0,0,0,1,5,0,4.625,3.25,3.5,3.5,3.125
451,GREEN,1,50,0,0,3,0,0,1,0,6,208.33333,3.428571,3.166666,2.8571429,2.833333,3.333333
452,SPD,1,56,0,0,2,0,0,1,0,1,7000,3.25,3,3.5,3.428571,3.2857139
453,SPD,0,35,1,0,3,0,0,0,2,5,0,3,3.1428571,3.125,3.7142861,3.1428571
454,CDUCSU,0,40,0,1,4,0,1,0,4,2,0,3.1428571,2.666666,3.1428571,3.666666,2.833333
455,CDUCSU,0,51,0,1,5,1,0,0,1,2,0,3.625,2.875,3.25,3.5,2.625
456,SPD,0,61,1,0,2,0,0,0,1,2,0,3.5,3.1428571,3.25,3.1428571,3.1428571
457,SPD,1,58,1,0,4,0,0,0,5,2,0,4.125,4,3.375,3.25,4
458,CDUCSU,0,37,1,0,2,1,0,1,2,2,0,3,3.2857139,3.5,3.571429,3.1428571
459,CDUCSU,0,61,1,0,2,0,1,0,1,1,0,3.125,2.8571429,2.875,3.2857139,3
460,GREEN,1,52,1,0,2,0,0,1,1,4,0,2.25,2.5,2.5,2.5,2
461,SPD,0,43,0,0,2,0,0,0,1,0,0,4.125,3.571429,4,3.8571429,3.8571429
462,SPD,0,53,1,0,2,0,0,0,2,0,0,3.25,2.7142861,3,2.7142861,2.2857139
463,LINKE,0,56,1,0,1,0,0,1,3,0,0,4.125,3.7142861,3.75,3.7142861,3.428571
464,CDUCSU,1,54,0,0,3,0,0,0,4,0,0,3.5,3.7142861,3,3,3.8571429
465,FDP,0,37,1,0,1,1,0,0,1,4,510.41666,3,3,3.125,3.1428571,3
466,CDUCSU,0,44,0,0,1,1,0,0,1,6,1000,3.75,3.1428571,2.875,3.428571,3.1428571
467,GREEN,1,42,1,0,1,0,0,0,1,4,0,2.25,2.571429,1.875,2.1428571,2.571429
468,CDUCSU,0,63,0,1,10,0,0,1,1,12,7000,3.428571,3.1428571,3.1428571,3.2857139,3
469,CDUCSU,0,61,1,0,4,0,1,1,0,10,7663.2085,3.7142861,3,3.1428571,3,2.833333
470,CDUCSU,1,50,0,1,1,0,0,1,0,4,7000,2.8571429,2.333333,3,2.5,2.666666
471,GREEN,1,49,1,0,4,0,0,0,1,11,41.666668,2.25,3,2.625,3.1428571,3.1428571
472,SPD,0,57,0,0,4,0,0,0,1,3,0,3.1428571,2.7142861,2.8571429,2.7142861,2.571429
473,SPD,0,61,0,1,8,1,0,0,1,10,1458.3334,3.75,3.2857139,2.375,2.8571429,3
474,CDUCSU,0,31,0,1,2,0,0,0,2,3,0,2.75,3.2857139,3.625,3.8571429,3.2857139
475,GREEN,1,57,0,0,4,0,0,0,3,0,0,2.625,2.428571,3,3,2.428571
476,GREEN,0,33,0,1,1,1,0,0,2,3,0,2.8571429,3,3,2.833333,2.833333
477,SPD,1,43,1,0,1,0,1,0,3,2,0,4.1428571,4,3.7142861,3.333333,4.166666
478,CDUCSU,0,54,0,0,1,0,0,0,3,8,0,3.428571,3,3.1428571,2.833333,3.166666
479,FDP,0,68,0,1,1,0,0,0,1,15,798.625,3.1428571,2.833333,3.571429,4,2.833333
480,SPD,0,73,1,0,7,0,0,1,1,8,625,3.333333,2.8,3.166666,3.4000001,3
481,CDUCSU,0,56,0,0,4,0,0,0,1,15,1750,4,3.666666,3.666666,3.666666,3.333333
482,CDUCSU,0,56,0,0,2,0,0,0,2,14,0,3.166666,2.5,2.5,2.833333,2.333333
483,CDUCSU,0,66,1,0,7,0,0,0,2,4,0,2.8571429,2.428571,3.2857139,3.2857139,2.428571
484,SPD,1,56,1,0,5,0,0,1,0,1,7000,3.2,2.8,2.5999999,3,3
485,SPD,1,51,1,0,3,0,0,0,1,2,0,3.5,3.833333,3.166666,3.166666,3.5
486,CDUCSU,0,48,1,0,5,0,0,1,0,5,7000,4,3.5,4.166666,4.166666,3.333333
487,CDUCSU,0,49,1,0,5,0,1,1,1,3,479.16666,3.5,2.833333,2.666666,2.666666,2.666666
488,SPD,1,62,0,0,5,0,0,1,1,7,0,3.166666,3.166666,3.5,3.166666,3
489,SPD,0,39,0,1,2,0,0,0,1,7,0,3.166666,3.333333,2.666666,2.833333,3.166666
490,CDUCSU,0,48,1,0,1,0,1,1,3,2,0,3.5,3.166666,3.666666,3.5,3.666666
491,SPD,0,54,1,0,4,1,0,0,3,1,0,3.5,3,2.666666,3.166666,3
492,SPD,0,29,0,0,3,1,0,0,2,2,0,3,3.333333,3.166666,3.5,3
493,LINKE,0,50,1,0,1,0,0,0,2,1,0,3.833333,3.5,3.166666,2.833333,2.833333
494,CDUCSU,0,48,0,1,5,0,0,1,0,4,0,3.333333,3.166666,3.333333,4.166666,3.333333
495,SPD,0,47,1,0,3,0,1,1,0,3,0,3.5,3.666666,3.166666,3.833333,3.166666
496,SPD,0,59,1,0,8,0,1,0,1,2,0,3.333333,2.833333,3.333333,3.333333,3
497,CDUCSU,0,34,0,1,2,0,1,1,3,3,151.04167,2.5,2.833333,2.666666,3.5,2.833333
498,LINKE,0,65,0,1,1,1,0,0,2,0,0,4,3.333333,3.333333,3.333333,2.833333
499,CDUCSU,0,54,1,0,2,0,0,0,2,7,83.333336,3,3.333333,3.166666,3.333333,3.333333
500,SPD,0,56,1,0,4,0,0,0,3,9,0,3.333333,3,3,3.333333,2.833333
501,SPD,0,37,1,0,2,0,0,0,2,0,0,2.5,2.666666,2.5,3.333333,2.333333
502,CDUCSU,0,48,0,0,2,1,0,0,1,2,0,3.166666,3.166666,3.166666,3.5,3.333333
503,SPD,0,51,1,0,2,1,0,0,3,1,1000,3.666666,3.833333,3.333333,3.666666,3.666666
504,FDP,1,30,1,0,1,1,0,0,2,3,0,2.5,3.166666,2.166666,2.5,2.666666
505,SPD,0,35,0,0,1,0,0,0,1,2,0,3,2.833333,3,3.333333,2.666666
506,SPD,1,57,0,1,4,0,0,1,1,2,0,3.666666,3.333333,3.5,3.5,3.333333
507,SPD,0,45,0,1,2,1,0,0,1,1,0,3.428571,3.2857139,3.1428571,3.1428571,3
508,SPD,0,46,1,0,6,1,1,1,0,1,7000,2.8333299,2.666666,3.333333,3.833333,2.833333
509,SPD,1,43,1,0,1,1,0,0,2,3,0,2.5,2.8333299,2.8333299,3.333333,3.333333
510,CDUCSU,0,61,0,0,4,0,0,0,1,3,2625,3.166666,3,3,3,2.8333299
511,CDUCSU,0,56,1,0,8,0,0,1,0,3,7583.3335,3,2.4000001,2.5999999,3.4000001,2.8
512,CDUCSU,0,59,0,0,2,0,0,0,1,3,0,4,2.833333,3.5,3.5,3
513,CDUCSU,1,51,1,0,3,0,0,,1,0,0,,,,,
514,LINKE,0,54,0,1,4,0,0,0,2,4,0,3.833333,4.166666,3.666666,3.5,4
515,CDUCSU,0,56,0,0,4,1,0,1,1,7,0,3.666666,3.833333,3.833333,3.833333,3.5
516,CDUCSU,0,37,1,0,2,0,1,0,2,2,109.375,2.833333,3,3.166666,3.166666,2.666666
517,CDUCSU,0,52,1,0,4,0,0,0,1,3,291.66666,3.333333,3.166666,3.333333,3.666666,3
518,LINKE,1,45,0,1,1,1,0,0,4,2,0,3.333333,3.333333,3.166666,3,3.166666
519,FDP,0,65,0,1,8,0,0,1,2,6,0,3.5999999,3.4000001,3.2,3.2,2.8
520,CDUCSU,0,25,0,0,2,1,0,0,2,7,0,3.333333,3.166666,2.666666,3,3.5
521,SPD,0,62,1,0,4,0,0,0,1,3,0,3.333333,3.333333,3.166666,3.333333,3.333333
522,SPD,1,62,0,1,3,0,0,0,1,6,0,3,3.166666,3.5,3.333333,3.5
523,LINKE,0,58,0,0,1,0,0,0,1,12,791.66669,3.166666,2.666666,3,3,2.666666
524,SPD,0,63,1,0,4,0,0,0,2,3,0,3.5,2.5,3.5,3.5,2.833333
525,FDP,0,56,0,1,4,0,0,1,3,10,291.66666,3.428571,3.428571,3,3.428571,3.571429
526,SPD,0,56,0,1,3,0,0,0,1,3,0,3.333333,3.5,3.666666,3.833333,3.166666
527,GREEN,0,57,1,0,3,0,0,0,3,0,0,3.333333,2.833333,2.833333,3,2.666666
528,CDUCSU,1,62,1,0,5,0,0,0,1,3,0,3.4000001,3.2,3.8,3.5999999,3.4000001
529,SPD,0,51,1,0,1,0,0,0,2,5,0,3.4000001,2.8,3.5999999,3.4000001,3.2
530,SPD,0,43,0,0,1,0,0,0,2,13,4083.3333,3.5,3.833333,2.833333,3.666666,3.5
531,CDUCSU,0,35,1,0,2,1,0,0,3,15,0,2.1428571,3.1428571,3.2857139,4,3
532,SPD,0,61,1,0,8,0,1,0,4,4,187.5,4,3.5,3.666666,3.5,3.166666
533,FDP,0,58,0,1,2,0,0,0,2,5,0,3,2.666666,3.166666,3.166666,2.666666
534,SPD,0,48,1,0,3,0,0,1,1,3,0,3.333333,3.333333,3.333333,3.333333,3.166666
535,GREEN,1,52,0,0,2,1,0,0,1,4,0,3.7142861,3.1428571,2.7142861,3,3.2857139
536,CDUCSU,0,47,1,0,2,1,0,1,3,3,0,3.166666,3.333333,3.5,3.5,3
537,CDUCSU,0,41,1,0,4,1,0,1,0,4,7000,3,3.166666,4,3.833333,2.833333
538,SPD,0,56,1,0,2,0,1,0,4,2,0,3.5,2.833333,3,3.5,3
539,CDUCSU,0,51,0,0,4,0,0,1,2,7,4593.75,3.833333,3.5,3,3.333333,3.666666
540,GREEN,0,66,1,0,4,0,1,1,4,2,0,3.428571,2.7142861,2.2857139,2.428571,2.7142861
541,CDUCSU,0,45,1,0,3,0,1,1,3,7,0,2.666666,3,2.833333,3.333333,2.666666
542,CDUCSU,1,53,0,0,2,0,0,0,1,8,2166.6667,2.833333,2.5,2.666666,3,2.833333
543,SPD,0,62,0,1,8,0,0,1,2,2,218.75,3.2,2.5999999,2.8,3,2.4000001
544,CDUCSU,0,46,1,0,5,0,0,1,1,0,0,3.428571,3.2857139,3.428571,3.428571,3.428571
545,SPD,0,57,1,0,3,0,1,0,4,3,0,3.833333,3,3.833333,3.833333,3.166666
546,SPD,0,55,0,1,1,0,0,0,2,3,0,3.4000001,3.2,3,3.4000001,3
547,LINKE,1,45,0,1,1,0,0,1,1,0,0,3.833333,3.833333,3,3,4
548,SPD,0,52,0,0,4,0,0,0,0,7,0,3.5,3,3.666666,3.666666,2.666666
549,GREEN,0,51,0,1,1,0,0,0,1,3,0,2.833333,3.166666,2.666666,2.833333,3.166666
550,SPD,1,49,0,0,4,0,0,0,1,1,0,4.166666,4,4,3.833333,3.666666
551,FDP,0,52,1,0,5,0,1,1,2,5,1583.3334,3.571429,3.1428571,4,4,2.8571429
552,SPD,0,62,1,0,6,0,0,1,4,24,0,4,3.333333,2.833333,2.666666,2.5
553,SPD,0,44,1,0,1,0,0,0,2,1,0,3,3.5,3,3.333333,2.833333
554,SPD,0,51,0,0,4,1,0,1,1,6,7000,3.166666,2.666666,2.333333,2.5,2.5
555,CDUCSU,0,57,1,0,1,1,0,0,1,2,0,3.166666,2.833333,3.333333,3.333333,2.833333
556,CDUCSU,1,41,1,0,2,1,0,0,3,3,0,2.5,2.666666,2.333333,2.833333,2.833333
557,FDP,0,26,1,0,1,0,1,0,3,2,0,2.5,3,2.666666,3,3
558,GREEN,0,51,1,0,3,0,0,0,2,0,0,4.1999998,3.5999999,3.4000001,4.4000001,3.4000001
559,LINKE,0,51,0,1,1,1,0,0,3,7,0,3.5,3.5,2.833333,3.166666,3
560,CDUCSU,0,61,0,1,3,0,1,0,2,1,0,3,2.333333,3,3,2.333333
561,LINKE,0,34,0,0,1,0,0,0,4,3,1000,2.333333,2.833333,2.5,2.833333,2.666666
562,CDUCSU,0,50,1,0,3,0,0,1,0,1,0,3.666666,3.166666,3.833333,3.833333,3
563,SPD,0,56,1,0,3,0,1,0,1,0,0,3.5,3.333333,4,3.666666,2.833333
564,SPD,1,37,0,0,3,0,0,0,1,1,0,2,3.166666,3.333333,3.5,3.166666
565,CDUCSU,0,46,1,0,2,0,0,0,2,2,0,3.166666,2.833333,3,3.333333,3
566,SPD,0,41,1,0,2,0,0,0,1,4,0,3.7142861,3.571429,3.2857139,3.2857139,3.2857139
567,SPD,1,58,0,1,2,0,0,0,3,2,0,3.5,3.333333,3.166666,3,3.5
568,CDUCSU,1,47,1,0,3,0,1,0,2,2,0,3.5,3.5,3.166666,3.166666,3.166666
569,CDUCSU,0,59,1,0,2,1,0,0,2,1,0,3.833333,3.166666,3.166666,3.166666,3
570,FDP,0,45,1,0,1,0,0,0,1,3,1000,2.833333,2.666666,3.5,3.833333,2.833333
571,CDUCSU,0,30,1,0,2,0,1,0,3,7,0,3,3.166666,2.666666,3,3
572,SPD,1,60,1,0,3,0,0,0,2,1,0,3.571429,3.428571,2.8571429,2.7142861,3.428571
573,CDUCSU,0,33,0,0,1,0,0,0,1,5,875,3.333333,2.5,3,3.333333,2.833333
574,SPD,0,41,0,0,2,0,0,0,4,2,0,3.166666,2.666666,2.666666,2.833333,2.666666
575,CDUCSU,0,38,1,0,1,0,0,0,2,2,0,3.666666,3.666666,4,4,3.666666
576,SPD,1,48,1,0,2,0,0,0,1,4,0,3,2.666666,3,3,3
577,CDUCSU,0,49,0,0,3,0,0,0,1,7,0,3.166666,3,2.833333,3.166666,3
578,CDUCSU,0,60,1,0,3,0,0,1,1,10,3500,4,3.333333,3.5,3.5,3.5
579,SPD,0,50,1,0,6,0,0,0,3,1,0,3.5,3.333333,3.333333,3.333333,3.166666
580,SPD,0,61,1,0,9,0,0,0,2,5,0,3.5,3,2.666666,3,2.833333
581,CDUCSU,0,46,1,0,2,0,0,0,1,4,0,2.833333,3,3.5,3.5,2.666666
582,CDUCSU,0,53,1,0,1,0,1,0,3,3,0,3.166666,2.333333,3.166666,3,2.666666
583,SPD,0,51,0,1,3,0,1,0,1,3,1937.5,3.666666,3,3.666666,3.666666,2.833333
584,FDP,0,44,0,1,4,0,1,1,1,10,5687.5,3.166666,2.5,3.666666,3.833333,2.666666
585,SPD,1,56,0,0,5,0,0,0,3,2,0,3.666666,3.666666,3,2.666666,3.5
586,SPD,1,55,0,1,4,1,0,0,2,6,0,2.5,2.333333,2.333333,2.5,2.666666
587,SPD,1,47,1,0,2,1,0,0,2,3,0,2.5,2.666666,2.833333,3,2.5
588,CDUCSU,1,39,0,0,3,0,0,1,2,10,0,2.1428571,3.1428571,2.1428571,3,3.1428571
589,SPD,1,63,1,0,6,0,0,1,0,6,7000,3.333333,3.166666,3.5,3.333333,3
590,SPD,0,59,0,1,6,0,1,0,2,2,0,4.4285712,2.7142861,3,2.8571429,2.428571
591,GREEN,0,57,1,0,1,0,1,0,3,0,0,3.333333,3.166666,2.833333,3.166666,3
592,CDUCSU,0,44,1,0,3,1,0,1,3,12,5822.9165,3.571429,3.428571,3.7142861,3.8571429,3.2857139
593,CDUCSU,0,62,1,0,9,0,1,0,2,1,72.916664,3.2857139,2.428571,2.7142861,2.571429,2.571429
594,OTHER,0,49,0,0,1,1,0,0,1,2,1000,3.166666,2.5,3.333333,3.5,2.666666
595,CDUCSU,1,43,1,0,1,0,0,0,4,2,0,2.5,3.166666,2.333333,2.5,2.833333
596,GREEN,0,31,0,0,2,0,0,0,3,12,0,3.166666,2.833333,2.166666,2.5,2.833333
597,FDP,1,55,0,1,2,0,0,0,2,1,0,3.333333,3.166666,2.833333,3.166666,3.166666
598,FDP,0,35,0,1,2,0,1,0,3,8,0,2.5,2.833333,3,3.333333,2.666666
599,SPD,0,52,1,0,3,0,0,0,3,1,0,3,2.833333,3,3.166666,2.833333
600,SPD,0,58,0,1,4,0,0,1,4,3,0,3.666666,3.333333,3.5,3.5,3.166666
601,CDUCSU,1,51,1,0,4,0,0,1,0,8,7000,2.666666,2.666666,2.833333,3.166666,3
602,GREEN,1,48,0,0,4,0,0,0,1,1,291.66666,2.8571429,2.7142861,3.571429,3.2857139,2.428571
603,FDP,0,34,1,0,1,0,1,0,2,7,0,3.333333,3.166666,2.666666,3.166666,3
604,SPD,1,49,1,0,3,0,0,0,1,5,0,3,3,2.428571,2.2857139,3
605,SPD,1,54,0,0,4,0,1,0,0,1,0,3.571429,3.571429,3.8571429,3.7142861,3.2857139
606,LINKE,0,45,1,0,1,0,1,0,1,1,0,3.333333,3.333333,3.166666,3.5,3.166666
607,SPD,1,64,0,0,5,0,0,1,3,5,0,3.666666,2.833333,3.333333,2.833333,3
608,FDP,0,49,1,0,1,0,1,0,1,4,583.33331,3.2,2.8,3,3.4000001,2.8
609,LINKE,1,45,0,0,1,0,0,0,2,1,1000,3,2.4000001,2.5999999,2.8,2.8
610,CDUCSU,0,63,1,0,5,0,0,0,1,2,0,3.1428571,2.7142861,2.8571429,3.1428571,2.571429
611,SPD,0,55,1,0,2,0,0,1,3,1,0,3.2,3.2,3.2,3.8,3.4000001
612,CDUCSU,0,55,1,0,2,0,0,0,1,12,1192.7084,4.1999998,3.5999999,3,3.8,3.2
613,SPD,1,52,1,0,1,0,0,1,1,2,7000,3,2.25,3.25,3.25,2.75
614,SPD,0,54,1,0,2,0,0,0,0,4,1000,3.5,3.166666,3.333333,3.666666,3.166666
615,CDUCSU,0,57,0,1,5,0,0,1,0,6,7000,2.75,3,3.25,3.375,3
616,CDUCSU,0,37,1,0,2,1,0,1,1,7,0,2.5999999,2.5999999,3.2,3.2,2.5999999
617,CDUCSU,0,56,1,0,9,0,1,1,0,16,583.33331,3.333333,3.333333,3.5,3.666666,2.833333
